{
    "accuracy": {
        "<40": 0.7777777777777778,
        "40-50": 0.7777777777777778,
        "50-60": 0.525,
        "60+": 0.24
    },
    "recall": {
        "<40": 0.7083333333333333,
        "40-50": 0.3464646464646465,
        "50-60": 0.353968253968254,
        "60+": 0.18815628815628815
    },
    "f1": {
        "<40": 0.7230769230769231,
        "40-50": 0.3242424242424242,
        "50-60": 0.3247255160298638,
        "60+": 0.18844444444444444
    },
    "n_samples": {
        "<40": 18.0,
        "40-50": 36.0,
        "50-60": 80.0,
        "60+": 50.0
    }
}