{
    "accuracy": {
        "Female (0)": 0.4605263157894737,
        "Male (1)": 0.8125
    },
    "recall": {
        "Female (0)": 0.30055658627087195,
        "Male (1)": 0.2939814814814815
    },
    "f1": {
        "Female (0)": 0.2858627087198516,
        "Male (1)": 0.3029100529100529
    },
    "n_samples": {
        "Female (0)": 152.0,
        "Male (1)": 32.0
    }
}