{
    "accuracy": {
        "Female (0)": 0.3618421052631579,
        "Male (1)": 0.6875
    },
    "recall": {
        "Female (0)": 0.3256524427952999,
        "Male (1)": 0.20555555555555555
    },
    "f1": {
        "Female (0)": 0.2906282129537096,
        "Male (1)": 0.248
    },
    "n_samples": {
        "Female (0)": 152.0,
        "Male (1)": 32.0
    }
}