{
    "accuracy": {
        "Female (0)": 0.13815789473684212,
        "Male (1)": 0.03125
    },
    "recall": {
        "Female (0)": 0.2,
        "Male (1)": 0.25
    },
    "f1": {
        "Female (0)": 0.048554913294797684,
        "Male (1)": 0.015625
    },
    "n_samples": {
        "Female (0)": 152.0,
        "Male (1)": 32.0
    }
}