{
    "accuracy": {
        "<40": 0.6666666666666666,
        "40-50": 0.6111111111111112,
        "50-60": 0.4375,
        "60+": 0.26
    },
    "recall": {
        "<40": 0.5,
        "40-50": 0.25,
        "50-60": 0.2,
        "60+": 0.2
    },
    "f1": {
        "<40": 0.4,
        "40-50": 0.1896551724137931,
        "50-60": 0.12173913043478261,
        "60+": 0.08253968253968254
    },
    "n_samples": {
        "<40": 18.0,
        "40-50": 36.0,
        "50-60": 80.0,
        "60+": 50.0
    }
}