{
    "accuracy": {
        "Female (0)": 0.3618421052631579,
        "Male (1)": 0.84375
    },
    "recall": {
        "Female (0)": 0.2,
        "Male (1)": 0.3333333333333333
    },
    "f1": {
        "Female (0)": 0.10628019323671498,
        "Male (1)": 0.3050847457627119
    },
    "n_samples": {
        "Female (0)": 152.0,
        "Male (1)": 32.0
    }
}